algoritmo,n,instancia,repeticion,semilla,costo,error,tiempo,memoria,FEs_mejor
Hill Climbing,20,inst_20_1,1,32446,341.5783,0.0,0.315,0.0074,1600
Simulated Annealing,20,inst_20_1,1,32446,611.0858,78.9006,0.2958,0.0063,1600
Genetic Algorithm,20,inst_20_1,1,32446,450.4937,31.8859,0.7459,0.045,2000
Ant Colony Optimization,20,inst_20_1,1,32446,341.5783,0.0,5.3087,0.0504,200
Particle Swarm Optimization,20,inst_20_1,1,32446,578.7434,69.4321,0.8478,0.0275,2000
Hill Climbing,20,inst_20_1,2,32447,342.868,0.3776,0.3237,0.0058,400
Simulated Annealing,20,inst_20_1,2,32447,597.8692,75.0314,0.3056,0.0048,2000
Genetic Algorithm,20,inst_20_1,2,32447,516.6901,51.2655,0.7003,0.044,2000
Ant Colony Optimization,20,inst_20_1,2,32447,341.5783,0.0,5.9884,0.0389,100
Particle Swarm Optimization,20,inst_20_1,2,32447,577.4206,69.0448,1.1569,0.0269,2000
Hill Climbing,20,inst_20_1,3,32448,341.5783,0.0,0.3057,0.0053,2000
Simulated Annealing,20,inst_20_1,3,32448,644.1481,88.5799,0.3947,0.0049,1600
Genetic Algorithm,20,inst_20_1,3,32448,384.641,12.607,1.1549,0.0438,2000
Ant Colony Optimization,20,inst_20_1,3,32448,341.5783,0.0,5.5417,0.0439,400
Particle Swarm Optimization,20,inst_20_1,3,32448,531.4779,55.5948,0.8082,0.0269,2000
Hill Climbing,20,inst_20_2,1,32546,399.927,0.5622,0.2426,0.0053,2000
Simulated Annealing,20,inst_20_2,1,32546,579.2906,45.6634,0.2709,0.0048,2000
Genetic Algorithm,20,inst_20_2,1,32546,476.321,19.7715,0.8396,0.0437,2000
Ant Colony Optimization,20,inst_20_2,1,32546,405.5955,1.9875,4.2076,0.0358,200
Particle Swarm Optimization,20,inst_20_2,1,32546,489.1776,23.0043,0.7057,0.0269,1200
Hill Climbing,20,inst_20_2,2,32547,399.927,0.5622,0.2829,0.0054,1600
Simulated Annealing,20,inst_20_2,2,32547,624.8881,57.1289,0.378,0.0049,1600
Genetic Algorithm,20,inst_20_2,2,32547,438.8912,10.3598,0.823,0.0438,1600
Ant Colony Optimization,20,inst_20_2,2,32547,397.6913,0.0,4.5675,0.036,800
Particle Swarm Optimization,20,inst_20_2,2,32547,476.1257,19.7224,1.8235,0.0269,2000
Hill Climbing,20,inst_20_2,3,32548,399.927,0.5622,0.3866,0.0054,1200
Simulated Annealing,20,inst_20_2,3,32548,583.352,46.6846,0.3099,0.0049,1600
Genetic Algorithm,20,inst_20_2,3,32548,408.9175,2.8229,0.7072,0.044,2000
Ant Colony Optimization,20,inst_20_2,3,32548,408.6031,2.7438,4.7592,0.036,1200
Particle Swarm Optimization,20,inst_20_2,3,32548,462.2029,16.2215,0.7886,0.0269,2000
Hill Climbing,50,inst_50_1,1,62446,617.7564,11.1111,0.6432,0.0068,5000
Simulated Annealing,50,inst_50_1,1,62446,1037.3878,86.5869,0.6505,0.0067,5000
Genetic Algorithm,50,inst_50_1,1,62446,1029.1618,85.1074,2.3739,0.1015,5000
Ant Colony Optimization,50,inst_50_1,1,62446,555.981,0.0,24.703,0.1355,3000
Particle Swarm Optimization,50,inst_50_1,1,62446,1187.669,113.6168,2.1516,0.0572,5000
Hill Climbing,50,inst_50_1,2,62447,634.3107,14.0885,0.6606,0.0067,5000
Simulated Annealing,50,inst_50_1,2,62447,857.325,54.2004,0.8982,0.0067,5000
Genetic Algorithm,50,inst_50_1,2,62447,838.8464,50.8768,4.4721,0.1034,5000
Ant Colony Optimization,50,inst_50_1,2,62447,556.8142,0.1499,27.3296,0.1356,4000
Particle Swarm Optimization,50,inst_50_1,2,62447,1581.7289,184.4933,1.7765,0.0572,5000
Hill Climbing,50,inst_50_1,3,62448,599.4849,7.8247,0.8994,0.0079,4000
Simulated Annealing,50,inst_50_1,3,62448,859.7476,54.6361,0.5871,0.0067,5000
Genetic Algorithm,50,inst_50_1,3,62448,824.6753,48.3279,2.2551,0.103,5000
Ant Colony Optimization,50,inst_50_1,3,62448,559.9982,0.7225,21.3768,0.1355,1000
Particle Swarm Optimization,50,inst_50_1,3,62448,1537.015,176.451,1.717,0.0572,5000
Hill Climbing,50,inst_50_2,1,62546,633.7542,5.3174,0.521,0.0067,5000
Simulated Annealing,50,inst_50_2,1,62546,1034.1495,71.8552,0.4831,0.0067,5000
Genetic Algorithm,50,inst_50_2,1,62546,865.8427,43.8859,1.6865,0.1015,5000
Ant Colony Optimization,50,inst_50_2,1,62546,601.7563,0.0,19.7541,0.1354,3000
Particle Swarm Optimization,50,inst_50_2,1,62546,1407.2326,133.8542,1.7523,0.0572,5000
Hill Climbing,50,inst_50_2,2,62547,665.5549,10.6021,0.5344,0.0079,3000
Simulated Annealing,50,inst_50_2,2,62547,957.2893,59.0826,0.6796,0.0068,5000
Genetic Algorithm,50,inst_50_2,2,62547,916.788,52.352,1.7131,0.103,5000
Ant Colony Optimization,50,inst_50_2,2,62547,601.7563,0.0,18.2372,0.1353,4000
Particle Swarm Optimization,50,inst_50_2,2,62547,1470.0689,144.2964,1.5755,0.0572,5000
Hill Climbing,50,inst_50_2,3,62548,646.1212,7.3726,0.7081,0.0079,4000
Simulated Annealing,50,inst_50_2,3,62548,1016.6716,68.9507,0.6639,0.0067,5000
Genetic Algorithm,50,inst_50_2,3,62548,900.1588,49.5886,1.9054,0.1034,5000
Ant Colony Optimization,50,inst_50_2,3,62548,601.8333,0.0128,19.6103,0.135,5000
Particle Swarm Optimization,50,inst_50_2,3,62548,1448.7313,140.7505,1.4509,0.0572,5000
